,大数据分析工程师,上海-浦东新区
1.5-2.5万/月,python 开发工程师,上海-浦东新区
0.8-1万/月,python数据工程师,上海-浦东新区
0.8-1.6万/月,Python开发工程师,杭州-余杭区
1-1.5万/月,Python程序员,深圳
0.8-1.5万/月,Python开发工程师,深圳-龙华新区
6-8千/月,python-web 全栈工程师,杭州-滨江区
1-2万/月,Python开发工程师,深圳
0.8-1万/月,自动化实施（shell/python）,上海
0.8-2万/月,Python程序员(游戏开发),上海-浦东新区
2-2.5万/月,高级Python软件工程师/Python构架师,上海-徐汇区
2.5-4万/月,Python架构师,上海-长宁区
0.8-1万/月,Python开发工程师,上海
1.5-2万/月,Python工程师,上海-浦东新区
0.8-1.5万/月,Python开发工程师,北京
1-2万/月,python开发工程师,深圳-福田区
1-1.5万/月,python开发工程师（双休+五险）,广州-天河区
0.8-1.3万/月,Python开发工程师,上海-浦东新区
0.9-1.4万/月,IT系统工程师（熟悉Python）,广州-番禺区
0.8-1.2万/月,python/爬虫工程师,杭州-余杭区
1-1.5万/月,高级软件工程师（Python开发）,上海
0.8-1万/月,Python开发工程师,广州-天河区
0.8-1.5万/月,Python工程师（年终奖+六险一金+双休）,广州-天河区
0.6-1.2万/月,量化开发工程师（python）(可招收实习生),杭州-西湖区
1-1.5万/月,Python开发工程师,上海-静安区
0.8-1万/月,python开发工程师,上海-浦东新区
1-1.5万/月,Python开发工程师,上海-浦东新区
1-2万/月,python大数据开发工程师,深圳
0.7-2万/月,C++/Python开发工程师,上海-嘉定区
1-2万/月,人工智能工程师（Python）,深圳
1-1.5万/月,Python 开发工程师,上海
1.5-2万/月,Python开发工程师,杭州-西湖区
1.5-2.5万/月,Python开发工程师,北京-海淀区
0.7-1.2万/月,Python开发工程师,上海-宝山区
1-1.5万/月,Python数据挖掘工程师,上海
0.8-1万/月,python数据挖掘工程师,上海-徐汇区
1.5-2万/月,Python开发工程师,北京-大兴区
1-1.5万/月,Python高级开发工程师,北京-海淀区
0.7-1.4万/月,Python开发工程师,上海-浦东新区
0.8-2万/月,python工程师,广州-天河区
1.5-2万/月,金微蓝--主管Python开发工程师,深圳
0.8-1.5万/月,python工程师,深圳-福田区
0.8-1.5万/月,Python开发工程师（产品研发）,北京-东城区
0.8-1.2万/月,Python软件工程师（六险一金，双休）,深圳-南山区
1.5-3万/月,Python开发工程师,北京-大兴区
1-2万/月,python自然语言处理工程师,上海
1.8-2.6万/月,python讲师,上海-奉贤区
15-25万/年,python开发工程师（PaaS云平台）,杭州-江干区
1-1.5万/月,Python高级开发工程师,广州
1.5-2.5万/月,全栈工程师（Python&前端）,上海-长宁区
0.8-1.5万/月,Python后端开发工程师,深圳-南山区
1.2-2.4万/月,Python开发工程师,上海-浦东新区
0.9-1.5万/月,Python开发工程师,深圳-龙岗区
1.2-2万/月,Python(熟悉java),北京-海淀区
0.8-1万/月,python 后台开发,广州-番禺区
1.5-2.5万/月,Python工程师,北京-朝阳区
2-2.5万/月,高级Python工程师/深度学习,上海-浦东新区
,Python数据工程师,上海-静安区
1-1.5万/月,Python后端工程师,上海-浦东新区
1-1.5万/月,Python 开发工作,上海-浦东新区
0.8-2万/月,Python资深开发工程师,上海
5-7千/月,Python工程师,广州-天河区
1.5-2万/月,Python开发工程师（Odoo）,杭州-西湖区
1-1.5万/月,后台开发工程师（C++，Python，go）,深圳-南山区
1.5-3万/月,Python开发工程师,北京-海淀区
1.5-2万/月,Python高级开发工程师,北京-海淀区
1.5-3万/月,Python开发工程师,深圳-南山区
,自动化测试开发工程师（Java/Python）,北京-海淀区
1-1.5万/月,python后端开发工程师,上海
1-2.5万/月,Python开发工程师,上海-浦东新区
1.5-2万/月,Python开发工程师,广州-越秀区
1-1.5万/月,Python开发工程师,上海-闵行区
1-1.5万/月,Python开发工程师,北京-海淀区
1.2-1.8万/月,高级Python开发工程师,上海-浦东新区
0.8-1万/月,Python开发工程师,广州-天河区
1.5-2万/月,数据开发工程师（python方向）,上海-徐汇区
2.5-3万/月,Python 开发,上海-徐汇区
2-3万/月,Python高级工程师,上海-浦东新区
2-3万/月,Python开发工程师,北京-朝阳区
1-1.5万/月,Python开发工程师,上海-长宁区
1-2万/月,python课程设计,上海-长宁区
1-1.5万/月,python开发工程师,北京-海淀区
1-1.5万/月,Python高级开发工程师,上海-徐汇区
1.5-2.5万/月,Python爬虫工程师,深圳-南山区
1.5-2.5万/月,大数据研发工程师-python,上海-浦东新区
1-1.5万/月,初级Python开发工程师,上海-徐汇区
1.2-1.8万/月,Python开发工程师,广州-天河区
1-1.5万/月,"后台开发工程师（Node, Python, Java, Go）",深圳
20-30万/年,Python,深圳
2-3万/月,python后台研发工程师,北京-朝阳区
1.5-2万/月,Python开发工程师,上海
1.5-2.2万/月,Python开发工程师,深圳-南山区
1-2万/月,YF-Python开发方向工程师-01,杭州-滨江区
1.5-2万/月,Python开发J15588,深圳-福田区
1.5-2.5万/月,Python开发工程师,杭州-西湖区
1-2万/月,Python开发工程师,深圳-福田区
1.2-1.5万/月,Python 高级开发工程师,广州-天河区
1.5-3万/月,Python高级开发工程师,北京-朝阳区
1-1.5万/月,Python开发工程师,上海
1-1.8万/月,Python 后端开发工程师,广州-天河区
1.5-2万/月,Python开发工程师,深圳-宝安区
1.5-2万/月,后端架构师（Python/Go）,北京-朝阳区
1-1.5万/月,云方向业务部门_Python开发工程师,北京-海淀区
1-2万/月,Python开发工程师,深圳-南山区
1-1.5万/月,（10-15k）python讲师-徐家汇,上海-徐汇区
1.5-2万/月,Python开发工程师,杭州-滨江区
2-3万/月,高级Python开发工程师（深圳）,深圳-南山区
4.5-6千/月,Python开发工程师,广州-天河区
1.5-2万/月,Python开发工程师,广州-白云区
1-1.5万/月,Python开发工程师,上海-徐汇区
1-2万/月,人工智能工程师 / Python人工智能,深圳-福田区
0.8-1.5万/月,Python 讲师,上海
1.2-1.5万/月,Python高级开发工程师,广州-白云区
0.8-1.5万/月,生物信息工程师（python）,上海-浦东新区
1.5-2.5万/月,python工程师,上海-长宁区
2-3万/月,python研发工程师,北京-丰台区
1-2万/月,后端开发工程师（C++/Python/Go）,上海
1.8-4万/月,Python开发工程师,上海
1.5-2.5万/月,高级python后台服务研发工程师,北京-海淀区
6-8千/月,Python开发工程师,上海-徐汇区
5.5-8.5千/月,Python全栈开发,广州-黄埔区
0.7-1.4万/月,Python开发工程师,上海-虹口区
1-1.5万/月,Python工程师,上海-浦东新区
1.5-2万/月,云平台 python 高级开发工程师,广州-番禺区
1.5-2.5万/月,Python爬虫工程师-北京-00089,北京-朝阳区
1-1.5万/月,SQL/Python顾问,广州-番禺区
1.5-2.5万/月,爬虫工程师（Python）,上海-浦东新区
1-2万/月,python工程师,深圳-龙岗区
0.5-1万/月,交易系统API编程及后台开发人员（熟悉Python优先）,上海-浦东新区
1.5-2万/月,Python开发工程师,上海-徐汇区
1-1.5万/月,Python工程师,广州-白云区
2-3万/月,量化开发工程师（Java/C++/Python方向）,北京-西城区
1.5-2万/月,Python开发工程师,深圳-宝安区
1.5-2.5万/月,资深python开发工程师,上海-徐汇区
2-3万/月,资深Python工程师（深圳）,深圳
1-1.5万/月,Python爬虫工程师,深圳-福田区
1-1.5万/月,python开发工程师,北京-海淀区
1.2-2.4万/月,云计算开发工程师(Python),上海-浦东新区
6-8千/月,Python开发（CRM）,杭州-滨江区
4-7千/月,Go/Python语言开发工程师,广州-天河区
1.5-2万/月,Python开发工程师（参与公司内部开发或外派外企开发）,上海-浦东新区
1-2.5万/月,Python/Go开发工程师-北京-00395,北京-海淀区
1.5-2万/月,python高级大数据开发工程师,上海-长宁区
0.8-1.6万/月,Python讲师,上海
6-8千/月,Python/Odoo初级开发工程师,上海
1-1.5万/月,python开发工程师,北京-海淀区
1-2万/月,Web工程师（Python）,上海-浦东新区
1.5-2万/月,项目研发经理（python平台）,上海
1-1.5万/月,python/lua开发,深圳-南山区
1-2万/月,python 算法工程师,上海-徐汇区
15-27万/年,python开发工程师,杭州-西湖区
0.8-1.5万/月,Python/Odoo高级开发工程师,上海-浦东新区
2-3万/月,高级Python 爬虫开发工程师,上海-静安区
1.8-2.5万/月,Python测试开发工程师,上海-闵行区
0.8-1.5万/月,Python服务端工程师/Python开发工程师,广州-海珠区
1-1.8万/月,Python开发工程师,广州-天河区
0.8-1万/月,python研发工程师,上海-浦东新区
1-1.5万/月,Python开发工程师,深圳-福田区
10-15万/年,Python数据分析师,北京-朝阳区
2-3.5万/月,Python开发工程师,北京-朝阳区
4.5-7千/月,Python PyQt开发工程师,广州-天河区
0.8-1.3万/月,1023Python web开发,杭州-滨江区
1.5-2万/月,Python高级开发工程师,上海-静安区
0.8-1万/月,Python开发工程师,北京
1-1.5万/月,AI后台服务开发(Python),广州-天河区
2-2.5万/月,高级Python爬虫工程师,上海-闵行区
1.5-2.5万/月,Python开发工程师,北京-海淀区
0.8-1.2万/月,Python开发工程师,深圳
0.8-1.8万/月,运维主管/python开发,上海-静安区
6-8千/月,Python开发工程师,广州
1-1.5万/月,Python开发工程师,广州-天河区
1.8-3万/月,PYTHON爬虫工程师,上海-静安区
1-1.5万/月,Python开发工程师,上海-浦东新区
1-2万/月,Python开发工程师,广州-天河区
0.9-1.3万/月,Python 工程师,广州-天河区
1-1.5万/月,python数据挖掘工程师,深圳-龙华新区
1.5-2万/月,Python后端开发,上海
1-1.5万/月,Python开发工程师,深圳-南山区
0.6-1万/月,Python开发工程师,广州-黄埔区
1.5-2万/月,Python开发工程师,深圳
1-1.5万/月,Python后端开发工程师,广州
2-3万/月,Python开发后端软件工程师,上海
1-1.5万/月,Python开发工程师,上海
1.5-3万/月,爬虫工程师(Java/Python),上海-静安区
0.8-1万/月,python编程讲师,广州-番禺区
1-1.5万/月,python 工程师,广州
1.5-2万/月,Python开发工程师,上海-闵行区
1.5-2万/月,Python高级开发工程师,深圳
2-3千/月,业务与数据分析师实习生（python工程师方向）,杭州-滨江区
0.8-1万/月,python web 开发工程师,北京-海淀区
2-3万/月,爬虫开发主管（Python语言）,上海
1-1.5万/月,Ruby/Python开发工程师,上海-黄浦区
1-1.5万/月,风控系统python研发工程师,上海-浦东新区
0.6-1万/月,Python开发工程师,广州
4.5-6千/月,python/c++软件开发工程师,上海
4.5-6千/月,后端Python,杭州-滨江区
6-8千/月,python工程师,上海-浦东新区
6-8千/月,Python数据采集网络爬虫工程师,深圳-福田区
0.8-1.5万/月,Python工程师（课程研发方向）,广州-白云区
1.2-2.4万/月,Python开发工程师（编号03）,上海-徐汇区
1.5-2万/月,Python开发工程师,上海-浦东新区
0.9-1.3万/月,Python程序员,深圳-南山区
6-9千/月,Python开发工程师,深圳
1-2万/月,Python后端工程师,深圳
1-1.5万/月,Python开发工程师,北京
10-18万/年,Python工程师（web后端）,上海-浦东新区
1.5-3万/月,Python开发工程师,上海
1-1.6万/月,Python开发工程师,广州-越秀区
0.7-1.4万/月,初级开发工程师（Python）,上海-浦东新区
10-15万/年,Python开发,杭州-西湖区
1-1.7万/月,Python开发工程师（爬虫）,上海-浦东新区
1.3-2万/月,Python高级研发工程师（孵化器公司）,广州-天河区
1.5-2.5万/月,Python开发工程师,上海-浦东新区
0.8-2万/月,Python开发工程师,北京-丰台区
2.5-3万/月,Python开发工程师,北京-朝阳区
1-1.5万/月,python工程师,北京-海淀区
1-2万/月,软件测试工程师（C++、java、python）,北京
0.4-1万/月,Python数据开发工程师,上海-浦东新区
0.6-1.5万/月,Python开发工程师,深圳-龙岗区
0.6-1.2万/月,Python开发工程师,广州-天河区
0.8-1.6万/月,Python软件开发工程师,深圳
5-9千/月,Python数据开发工程师,北京-朝阳区
15-20万/年,Python 开发工程师,广州-天河区
,服务端研发工程师-Python（万得子公司）,上海-浦东新区
1-1.5万/月,Python高级开发工程师,深圳-龙华新区
1-2万/月,python工程师,深圳-南山区
2.5-3万/月,北京-Python人工智能高级讲师,北京-海淀区
1-1.5万/月,Python Web开发工程师,上海-浦东新区
1-2万/月,Python开发工程师,杭州
15-20万/年,Python,北京-朝阳区
1.3-2.6万/月,go/python服务端开发工程师(广州),广州-天河区
15-20万/年,Python高级开发工程师,深圳
0.8-1.2万/月,Python Web开发工程师,上海-闵行区
1.5-3万/月,Python开发工程师,上海
1-1.8万/月,Python开发工程师,深圳
0.8-1.3万/月,Python高级开发工程师,广州-天河区
1-1.5万/月,Python开发工程师,杭州-滨江区
0.8-1.5万/月,Python开发工程师,深圳-南山区
1.5-2.5万/月,Python开发工程师-中科智慧,北京-海淀区
1-1.5万/月,Python开发工程师,深圳-南山区
1-1.5万/月,Python开发工程师,异地招聘
1.5-2万/月,Python开发工程师,深圳-南山区
1.1-1.8万/月,Python助教,广州-天河区
1.5-2万/月,python开发工程师,上海-静安区
1-1.5万/月,Python开发工程师,深圳
0.7-1.5万/月,python开发,上海-静安区
0.8-1.5万/月,Python软件开发工程师,上海-浦东新区
1-2万/月,Linux python开发运维,杭州
0.6-1.2万/月,Python开发工程师,杭州-西湖区
1-1.5万/月,Python开发工程师,上海-徐汇区
1.2-2.5万/月,C++/Python/QT软件工程师,深圳-南山区
0.6-1.2万/月,python开发工程师,广州-越秀区
1.5-2.5万/月,后端开发工程师（Python方向）,广州-海珠区
0.8-1.1万/月,Python测试工程师,上海-浦东新区
1.5-2万/月,爱尔兰电商咨询外企Python DevOps Engineer,上海
0.7-1万/月,Python运维工程师,深圳-福田区
1.5-3万/月,Python高级开发工程师,深圳-南山区
1.5-2.5万/月,Python开发工程师,上海-静安区
2.5-3万/月,Python高级开发工程师,北京-朝阳区
1.2-2.4万/月,服务端开发工程师-Python,北京-海淀区
1.5-2万/月,Python开发工程师（十三薪诚聘）,广州
0.5-1万/月,Python爬虫工程师(双休 7险1金),广州-番禺区
0.6-1万/月,PHP/Python ERP软件开发工程师,广州-天河区
0.5-1万/月,初级Python后端工程师,上海-浦东新区
7-12万/年,Python软件工程师(实习),广州
1-2万/月,Python开发工程师,深圳-南山区
1.5-2万/月,python讲师,深圳-宝安区
1.2-1.7万/月,Python中级开发工程师,深圳-大鹏新区
1.5-4万/月,赴日Python开发工程师,杭州-滨江区
0.6-1.2万/月,Python开发工程师,广州-天河区
1-1.6万/月,Python开发工程师,北京
0.8-1.5万/月,Python开发工程师,杭州
1.5-2.5万/月,GO+Python,深圳-南山区
0.8-1.6万/月,python开发工程师,杭州-滨江区
0.8-2.5万/月,Python 工程师,异地招聘
0.9-1.5万/月,Python 后端工程师,上海-嘉定区
0.6-3万/月,Python高级开发工程师,上海-徐汇区
0.8-1.1万/月,Python开发工程师,杭州
1.5-3万/月,云平台开发工程师（JAVA、Python）,北京-顺义区
1-2万/月,Python开发工程师,上海-浦东新区
1-2万/月,python开发工程师,深圳-南山区
0.8-1万/月,Python项目经理（五险一金+上市公司）,杭州-江干区
0.8-1.5万/月,Python后端开发工程师,异地招聘
1-3万/月,Python Web全栈工程师,上海-浦东新区
1-1.5万/月,Python物联网软件工程师,异地招聘
0.8-1万/月,python开发工程师,上海-普陀区
0.8-1.2万/月,Python软件工程师,北京-东城区
1.5-3万/月,算法工程师（Java/Scala/Python/R方向）,北京-海淀区
0.6-1万/月,Python程序员（ERP方向）,深圳-福田区
1-1.5万/月,Python开发工程师,深圳-宝安区
1-1.5万/月,python 开发,上海-浦东新区
1.5-2万/月,Python开发工程师(仪器研发类）,北京-海淀区
2-2.5万/月,Python高级开发工程师,上海
0.6-1.6万/月,Python开发工程师,北京
2.2-3.5万/月,资深Python开发专家,北京
1-2.5万/月,python后端工程师,异地招聘
1-1.5万/月,Python开发工程师,杭州-西湖区
1-1.5万/月,Python高级开发工程师,深圳-福田区
0.8-1.5万/月,软件开发工程师（C#/python）,深圳
1.5-2万/月,Python开发工程师,杭州-滨江区
0.7-1.2万/月,Python开发工程师,上海-浦东新区
1-1.5万/月,运维开发工程师（Python）,杭州
1.5-2万/月,python工程师,北京-朝阳区
1.5-3万/月,Python开发工程师（深圳）,深圳-福田区
1.5-2.5万/月,Python 开发工程师,杭州-滨江区
,25923-python后台开发工程师（深圳/上海）,上海
0.8-1.5万/月,Python开发工程师,杭州
,Python高级开发工程师,北京
2-2.5万/月,高级软件工程师-C，python,上海
1-1.5万/月,PHP、Java、Python后台开发工程师,异地招聘
1-2万/月,python开发（机器学习）-杭州-00676,杭州
0.8-1万/月,python文案专员,北京
1-1.5万/月,Python开发工程师,北京-朝阳区
1-1.5万/月,Python开发工程师,上海-浦东新区
1-2万/月,Python软件开发工程师,深圳-南山区
2-2.5万/月,Python全栈讲师（普陀）,上海-普陀区
3-6万/月,Python高级开发工程师,北京-丰台区
1.5-2万/月,Python开发工程师,深圳-福田区
1.5-3万/月,Python高级开发师,上海-徐汇区
20-40万/年,高级Python金融开发工程师,上海-静安区
30-40万/年,Python开发工程师,北京-朝阳区
0.8-1万/月,[美国上市]Python技术支持老师,深圳-龙岗区
0.6-1.2万/月,Python开发工程师,上海-静安区
1.2-1.5万/月,python开发工程师（机器学习）,北京-海淀区
2-3万/月,爬虫开发主管（Python语言）,上海
1-1.5万/月,Python开发工程师,深圳
0.8-1万/月,Python开发工程师(面向2018届毕业生),北京
1.5-2.5万/月,00518-32-高级Python开发工程师,上海-杨浦区
1-1.5万/月,python爬虫开发工程师,广州
1-1.5万/月,数据处理（懂python）,北京
1.5-2.5万/月,Python高级软件工程师,广州-天河区
1-1.5万/月,Python开发工程师,上海-黄浦区
0.6-1.2万/月,Python工程师,深圳-罗湖区
1.5-2万/月,Python开发工程师(爬虫）-鼎富科技-战略产品创新,北京-朝阳区
0.5-1万/月,python开发工程师,广州-越秀区
1.2-2.6万/月,Python高级开发工程师 - AAM703,广州
,高级Python开发工程师,北京
6-8千/月,python开发工程师,上海-闵行区
1-1.5万/月,Python开发工程师,上海-浦东新区
,Python研发工程师,上海-徐汇区
0.6-1.2万/月,急招Python工程师,广州-天河区
,Python高级服务端开发工程师,北京
0.6-1万/月,python开发/爬虫开发工程师,广州-天河区
0.8-1万/月,Python开发工程师,上海-长宁区
1.1-1.5万/月,资深Python工程师,上海-杨浦区
1-1.8万/月,Python应用工程师（业务系统方向）,广州-天河区
1-2万/月,python量化交易开发工程师,深圳-福田区
0.8-1.5万/月,Python爬虫工程师,广州-白云区
,性能测试 Python+游戏,上海
0.6-1.2万/月,python 开发工程师,广州-荔湾区
0.7-1万/月,运维工程师（python自动化运维）,上海-闵行区
2-4万/月,Python开发工程师,北京-海淀区
6-8千/月,诚招Python语言测试员,北京-海淀区
3-4万/月,Senior Python Developer,上海-浦东新区
10-15万/年,Python开发工程师,上海-徐汇区
0.8-1.5万/月,Python开发工程师,北京-朝阳区
4-5万/月,Python高级开发工程师,北京-朝阳区
1.5-3万/月,C++量化开发/python,深圳-南山区
3-5万/月,Python开发工程师,北京-朝阳区
2-3.5万/月,Python软件工程师,深圳-南山区
1-1.5万/月,Java开发工程师（Python）,深圳-南山区
1.5-2.5万/月,Python软件工程师,上海-徐汇区
4.5-8千/月,Python开发工程师,杭州-滨江区
0.6-1万/月,python运维工程师,广州
0.8-1万/月,Python web开发工程师,上海
0.7-1万/月,python开发工程师,上海-浦东新区
0.8-1.2万/月,Python开发工程师,上海-浦东新区
1-1.5万/月,python爬虫工程师,深圳-龙岗区
2-2.5万/月,高级python开发工程师(投资机器人）,异地招聘
1.5-2.5万/月,高级PHP开发工程师（需懂些Python）,上海
1.5-3万/月,高级python开发工程师,上海
,Python开发工程师,上海-虹口区
0.6-1万/月,Python开发工程师,广州
2.5-3万/月,Python开发培训讲师（全职或***）,上海-黄浦区
1-1.5万/月,Python高级开发工程师,上海-徐汇区
0.8-1.6万/月,Python工程师,广州-天河区
1.8-3.5万/月,Python（高级&资深&leader）,深圳
0.9-1.7万/月,Python Dev.,上海
0.6-2万/月,Python+MySQL 后台开发工程师,深圳-龙华新区
0.8-1.5万/月,Python开发工程师,广州-天河区
0.8-1.5万/月,Python高级开发工程师,广州-番禺区
2.6-4万/月,Python高级开发工程师,上海-松江区
0.9-1.4万/月,python开发工程师,上海-徐汇区
2.5-3万/月,python数据分析讲师,深圳-南山区
1.5-3万/月,Python高级开发工程师（爬虫）,北京-东城区
1-2.3万/月,c++/java/golang/python服务端转erlang,广州-天河区
2-3万/月,python开发高级工程师,深圳-南山区
2-3万/月,Python高级开发工程师,上海-浦东新区
1-1.8万/月,python程序员,广州-天河区
1-3万/月,Python后台开发工程师,深圳-宝安区
1.5-2.5万/月,Python项目经理,北京-海淀区
1.5-2万/月,python游戏后端开发工程师,深圳-南山区
1.5-3万/月,Python开发工程师(006389),北京-石景山区
1-2万/月,Python开发工程师,上海
1-2万/月,Python开发工程师-杭州-00067,杭州-滨江区
,Test Engineer - Python,上海
20-30万/年,Senior Python Engineer,上海-黄浦区
1.5-2.5万/月,Python开发工程师(,深圳-南山区
1-2万/月,Python开发工程师（后端开发）,深圳
0.8-1.5万/月,Python工程师,上海-徐汇区
2.5-3万/月,Python高级开发工程师,北京
1-1.5万/月,Python开发工程师,上海-徐汇区
1.5-2万/月,python培训讲师（专***）,深圳-南山区
1.5-3万/月,UMCloud-Python后端工程师,上海
0.5-1万/月,python工程师,深圳-龙岗区
1-2万/月,游戏服务器(Python)开发工程师,北京-朝阳区
1-1.5万/月,Python爬虫工程师,深圳
1.5-3万/月,Python工程师,北京-海淀区
1-2万/月,Python工程师（爬虫方向）,深圳-南山区
0.6-1万/月,Python开发工程师,广州-越秀区
2-2.5万/月,Python开发工程师,深圳-南山区
1.5-2.2万/月,Python程序员,上海
1.5-2.5万/月,Python后端开发工程师,北京-西城区
0.8-1万/月,python开发工程师,上海-长宁区
0.8-1.5万/月,Python工程师,广州
,Python后端开发工程师,北京-东城区
7-9千/月,python 开发工程师,上海-普陀区
1-1.2万/月,Python开发工程师,杭州
1-2万/月,Python或GO开发,广州-天河区
1-1.5万/月,量化风控经理/风控建模经理/R/Python,上海-静安区
1.5-2.5万/月,Python开发工程师（SaaS）,上海
1.2-2.5万/月,Python开发工程师,上海
2-2.5万/月,Python开发工程师,深圳-南山区
1-2万/月,python 工程师-大数据方向,深圳
1.5-2.5万/月,Python数据开发工程师（数据平台）-XWJF,深圳-南山区
0.8-1.5万/月,python爬虫工程师,上海-浦东新区
12-20万/年,Python开发工程师,杭州-萧山区
2.5-3.5万/月,Python高级软件工程师,北京
1.5-2万/月,python架构师,北京-海淀区
0.7-1.5万/月,Python 开发工程师,上海-闵行区
1.5-2万/月,Python开发工程师,上海-闵行区
1.5-2万/月,Python系统架构师,广州-天河区
6-8千/月,Python讲师,杭州-拱墅区
1.2-1.5万/月,Python 工程师,北京-海淀区
1.4-2万/月,Python开发工程师,杭州-西湖区
12-35万/年,Python/Go开发工程师（自动化运维方向）,上海-徐汇区
1.5-2万/月,Python开发工程师（技术创新部）,上海
0.6-1万/月,Python开发工程师,异地招聘
6-8千/月,技术支持工程师（Python软件运维）,北京-海淀区
1.3-1.8万/月,Python开发工程师,深圳-福田区
0.6-1万/月,Python工程师,广州-天河区
0.8-1.4万/月,Python开发工程师,上海-宝山区
0.8-1.5万/月,Python 机器学习研发工程师,上海-杨浦区
0.8-1万/月,Python工程师,上海-浦东新区
2-3.5万/月,Python开发工程师,上海-浦东新区
0.8-1.7万/月,Python高级开发工程师,上海-徐汇区
1.2-2.4万/月,Python开发工程师,杭州-余杭区
2.5-3.5万/月,Python开发工程师,北京-朝阳区
1-2万/月,Python/Scrapy爬虫开发工程师,深圳-龙岗区
1-1.5万/月,Python高级开发工程师,上海-浦东新区
0.8-1万/月,python服务器端开发工程师,广州-天河区
1-1.5万/月,中级Python,杭州-江干区
1-1.5万/月,python开发工程师,北京-海淀区
0.8-1万/月,Python开发工程师,上海-静安区
1.5-2万/月,PHP+Python软件工程师,深圳-龙岗区
1-2万/月,Python开发工程师,深圳-南山区
1-2万/月,Python高级开发工程师,上海-普陀区
1.5-2万/月,测试开发工程师（C++/python）,上海-浦东新区
1-1.5万/月,python WEB开发工程师,广州-越秀区
1.5-3万/月,高级Python开发工程师,深圳-南山区
1-1.9万/月,Python自动化测试,深圳-南山区
6-8千/月,python初级开发工程师,北京-朝阳区
1.5-3.5万/月,erlang/python服务器开发工程师,上海-徐汇区
1-1.5万/月,Python开发工程师,上海
1-1.5万/月,Python web programmer,深圳-福田区
1.2-1.8万/月,Python工程师-大数据方向,深圳-福田区
1.5-2万/月,Python开发工程师,广州
1-1.5万/月,Python软件工程师（大数据产品开发）,上海-杨浦区
1.5-3万/月,软件工程师/Python/高级开发工程师,上海-浦东新区
1.5-2万/月,Python开发工程师,上海-浦东新区
1.2-2万/月,集合系统开发工程师（Python）,深圳-福田区
1-2万/月,Python开发工程师,深圳-南山区
0.8-1.2万/月,双休爬虫开发工程师php开发工程师python开发工程师,深圳-龙岗区
5-8千/月,Python开发工程师,广州-天河区
2-4万/月,技术工程部-python开发工程师-北京-02155,北京-海淀区
0.6-1万/月,Python开发工程师,广州
1-1.5万/月,python开发工程师,上海-徐汇区
0.6-1.5万/月,Python开发工程师,北京
1.5-2.5万/月,Python开发工程师,杭州-余杭区
1.5-2.5万/月,Python开发工程师,北京-海淀区
1.5-2.5万/月,Java/Python高级工程师,北京-丰台区
2-3.5万/月,Python高级开发工程师,上海-黄浦区
1.5-1.8万/月,Python爬虫工程师,深圳-南山区
1.4-2.8万/月,Python 开发工程师,上海-徐汇区
1-1.5万/月,Python开发工程师,北京
1.5-2万/月,高级Python开发工程师,上海-闵行区
1.5-3万/月,Python高级开发工程师,上海-浦东新区
0.8-1.5万/月,Python高级开发工程师,上海-浦东新区
4-6千/月,Python开发实习生,深圳
0.8-1万/月,Python开发工程师,深圳-光明新区
1-1.5万/月,Python开发工程师,深圳-罗湖区
1-2万/月,Python开发工程师,上海-浦东新区
2-3万/月,python讲师,广州-天河区
1.5-2万/月,中级python研发工程师_zml,北京-海淀区
0.8-1万/月,Python测试工程师,北京
1.6-2.8万/月,Python开发工程师,上海-浦东新区
0.9-1.8万/月,Python工程师,杭州
1.3-2万/月,Python高级研发工程师（孵化器公司）,广州-天河区
0.8-1.6万/月,Python开发工程师（数据处理）,上海-杨浦区
0.7-1.4万/月,Python开发工程师,广州-天河区
0.9-1.3万/月,Python工程师,北京
0.7-1万/月,Python后端工程师,广州
1.5-2万/月,Python/R语言方向工程师,上海-浦东新区
1.5-2万/月,高级Python开发工程师,上海-黄浦区
1-1.5万/月,Python高级开发工程师,深圳-南山区
1.5-2万/月,Python开发工程师,上海-徐汇区
1-1.8万/月,python爬虫开发工程师,广州-天河区
0.8-1.6万/月,python服务器开发工程师,深圳
1.5-2万/月,python开发工程师（爬虫方向）,上海
1-1.5万/月,Python开发工程师,上海-松江区
1-1.5万/月,Python开发工程师,深圳-南山区
1-1.5万/月,Python工程师（中高级）,杭州-滨江区
0.8-1.2万/月,Python开发工程师,杭州
1.5-2万/月,Python开发工程师,北京-朝阳区
0.8-1万/月,Python开发工程师,杭州-拱墅区
1.5-2万/月,平台工具研发工程师（python、java、php）,北京
1-1.5万/月,Python开发工程师,北京
0.6-1.2万/月,Python/Golang/Linux C/中高级研发工程师,北京-海淀区
1-1.5万/月,python后台开发,深圳-南山区
0.8-1万/月,Python开发工程师,杭州-江干区
1-1.5万/月,Python开发工程师,广州-天河区
1.4-2.6万/月,高级开发工程师（python爬虫）,上海-静安区
1.3-2.5万/月,Python研发工程师,深圳-南山区
1-3.5万/月,Python中高级工程师,深圳-南山区
1-1.5万/月,Python开发工程师,深圳-南山区
1-2万/月,Python/Golang 工程师,北京-朝阳区
1.5-2万/月,Python高级程序员,北京-海淀区
1-2万/月,python爬虫工程师,北京-朝阳区
1.5-3万/月,Python研发工程师,上海-徐汇区
20-50万/年,区块链技术开发工程师（go-c++-Python ）,杭州-滨江区
1-2万/月,Python开发工程师,北京-朝阳区
1-2万/月,Python工程师,北京-朝阳区
8-10万/年,Python开发工程师,广州-番禺区
0.8-1万/月,Python开发工程师,广州-海珠区
1-2万/月,Python开发工程师,北京-东城区
0.8-1.3万/月,中级程序员（Python）,北京-朝阳区
0.8-1.5万/月,Python 高级开发工程师,上海-徐汇区
0.9-1.5万/月,Python研发工程师（数据平台）,杭州-余杭区
1.2-2万/月,Python高级开发工程师,上海-浦东新区
1.2-2万/月,Python开发工程师,深圳
6-8千/月,python数据实习生,上海-长宁区
0.8-1.2万/月,Python开发工程师,广州-天河区
6-8千/月,python/Django web开发工程师,深圳-罗湖区
1.5-3万/月,Python后端工程师,深圳-龙华新区
1-2万/月,Python全栈开发工程师,深圳-南山区
1.5-2万/月,Python工程师,北京-朝阳区
0.8-1万/月,Python开发工程师-北京,北京-海淀区
1.5-2万/月,Python高级开发工程师（团队负责人）,上海
1-1.5万/月,游戏运维工程师-python,广州-天河区
0.9-1.5万/月,Python开发工程师,广州-南沙区
1-2万/月,Python开发工程师,深圳-南山区
1.5-2.3万/月,Python爬虫工程师,上海-虹口区
1.5-2万/月,Python/GO开发工程师,北京-朝阳区
1-1.5万/月,Python培训项目合伙人,北京
3-5万/月,Python高级研发工程师,北京
1-1.5万/月,Python开发工程师,北京-通州区
2-4万/月,python高级开发工程师,北京-昌平区
0.8-1.5万/月,python工程师 python开发工程师,广州-番禺区
1.3-2万/月,Python测试开发工程师,上海
0.8-1.5万/月,Python高级软件工程师,北京-海淀区
1.5-3万/月,Python Web开发工程师,深圳-南山区
1.5-2万/月,UI Programmer/UI 程序员(Python/C++),上海-黄浦区
1.2-1.8万/月,Python开发工程师,上海-黄浦区
1-1.5万/月,Python,上海-徐汇区
1-2万/月,Python爬虫研发工程师,广州-黄埔区
7-9千/月,Python开发工程师,深圳-南山区
0.8-1.6万/月,Python课程开发/ 授课,上海-长宁区
0.6-1.5万/月,Python开发工程师,深圳
2-3万/月,Python工程师,上海-闵行区
1-2万/月,Python开发工程师/游戏服务端,深圳-宝安区
0.8-1.2万/月,Python开发工程师,上海-静安区
0.8-1.2万/月,Python工程师（django）,北京
1.5-2.5万/月,Python后端开发工程师,北京-海淀区
0.8-1.2万/月,Python爬虫开发工程师,广州-天河区
1.2-1.8万/月,Python开发工程师,上海-浦东新区
1-1.5万/月,Python开发工程师,上海-浦东新区
1-1.5万/月,Python服务端工程师,上海-浦东新区
,Python爬虫产品设计师,北京
1.5-3万/月,Python开发工程师/讲师,北京-大兴区
1.5-3万/月,Python讲师,深圳-宝安区
1.8-2.5万/月,Python开发工程师,深圳
1.5-2万/月,系统开发工程师（python）,深圳
1-1.5万/月,python开发工程师,上海-浦东新区
0.8-1万/月,Python开发工程师,北京-西城区
0.8-1.5万/月,Web全栈开发（Python）,北京-顺义区
1.2-2.4万/月,Python开发工程师,北京-昌平区
0.7-1.5万/月,Python开发/深度学习,上海-普陀区
1.5-2万/月,Python中级工程师,北京
2-4万/月,Python/Web开发工程师,上海-黄浦区
0.8-1.5万/月,Python工程师,北京-大兴区
0.8-1.6万/月,Python,杭州
1-1.5万/月,Python开发工程师,异地招聘
0.7-1万/月,Python研发工程师,上海
1.2-2.4万/月,Python开发工程师,深圳-南山区
2-3万/月,python开发工程（高级）,广州
1-2万/月,Python后端开发工程师,上海-浦东新区
1-1.5万/月,python后台开发工程师,深圳-南山区
2.5-3万/月,python开发工程师-杏石口-wx(1236),北京-海淀区
1.5-2.5万/月,sz-python开发,深圳-福田区
1.3-2万/月,高级python开发工程师,上海-闵行区
1-2万/月,Python开发工程师,深圳-南山区
0.8-1.5万/月,Python工程师,深圳
1-2万/月,Python后端研发工程师,北京-海淀区
1-1.5万/月,python开发主管(北京),北京-顺义区
1.5-2万/月,Python开发工程师,北京-东城区
15-25万/年,Python开发工程师,上海-长宁区
1.5-2万/月,Python开发工程师,上海-黄浦区
1.5-2万/月,Python后端开发工程师,北京-朝阳区
1.2-2万/月,Python开发工程师,北京-海淀区
1.5-2万/月,Python工程师,上海
0.8-1.5万/月,Python开发工程师,深圳-罗湖区
1.5-2.5万/月,Python开发工程师-小米电视,北京-海淀区
1.5-3万/月,Python后端工程师,深圳-福田区
1-1.5万/月,Python工程师,上海
1-2.5万/月,Python开发工程师,北京-通州区
1-1.5万/月,Python开发工程师,深圳-南山区
1.2-2万/月,Python开发工程师,深圳-福田区
1-2万/月,Python开发工程师,北京-海淀区
150元/天,Python开发工程师,杭州
4-5千/月,RD-java/Python发工程师,深圳
0.7-1万/月,Python开发工程师,深圳-南山区
1.5-2万/月,python/java高级程序员,上海-浦东新区
1.2-2.4万/月,Python开发,上海-杨浦区
2-2.5万/月,Python软件研发经理,异地招聘
1-1.5万/月,python+postgreSQL 社交商城开发,深圳-宝安区
1.5-2.5万/月,Python开发工程师,上海-长宁区
1-1.5万/月,Python开发工程师,上海-黄浦区
6-8千/月,python爬虫工程师,上海-杨浦区
0.6-1.6万/月,Python/Odoo开发工程师,上海
1.5-2.2万/月,Python程序员,上海-浦东新区
0.7-1.3万/月,python开发工程师(NO.集成1821),北京
15-25万/年,Python DevOps Engineer,上海-静安区
0.8-1.5万/月,Python开发工程师,杭州-拱墅区
0.8-1.8万/月,Python数据抓取工程师,北京-东城区
0.8-2.5万/月,Python开发工程师（企业自动化运维）,上海-杨浦区
0.8-1万/月,初级Python工程师,上海-浦东新区
2-2.5万/月,Python高级开发工程师,上海-静安区
1.5-2万/月,python工程师,北京-海淀区
0.8-1.5万/月,Python,杭州-余杭区
1.5-2万/月,Python开发工程师,深圳-龙华新区
2.5-4万/月,全栈开发工程（python）,北京-朝阳区
1-2.5万/月,Python开发工程师,上海-浦东新区
1.2-1.8万/月,Python开发讲师,深圳-南山区
,python开发工程师,上海-浦东新区
1.5-2万/月,Python 开发工程师,北京-海淀区
1.5-2万/月,Python开发工程师,杭州
1-2万/月,Python开发工程师,上海-长宁区
1-1.5万/月,python就业指导专员,北京-昌平区
10-15万/年,python助教,上海-浦东新区
1.2-2万/月,Python就业指导专员,深圳-宝安区
1-1.5万/月,Python开发工程师,深圳-福田区
